Engine_ID,Predicted_RUL,Alert,Elapsed_Life,Remaining_Days,Elapsed_Days,Total_Days,Remaining_Years,Total_Years
1,9.898261,CRITICAL,31,9.898261,31,40.898261070251465,0.027118523,0.11205003032945607
2,9.995874,CRITICAL,49,9.995874,49,58.99587440490723,0.027385958,0.16163253261618418
3,10.1319275,CRITICAL,126,10.1319275,126,136.13192749023438,0.027758706,0.3729641849047517
4,10.117756,CRITICAL,106,10.117756,106,116.11775588989258,0.02771988,0.3181308380545002
5,10.035583,CRITICAL,98,10.035583,98,108.03558254241943,0.027494747,0.2959878973764916
6,9.925443,CRITICAL,105,9.925443,105,114.92544269561768,0.027192993,0.3148642265633361
7,9.91455,CRITICAL,160,9.91455,160,169.91454982757568,0.02716315,0.46551931459609774
8,10.0986,CRITICAL,166,10.0986,166,176.09860038757324,0.027667398,0.4824619188700637
9,10.001178,CRITICAL,55,10.001178,55,65.00117778778076,0.027400486,0.17808541859665963
10,9.910982,CRITICAL,192,9.910982,192,201.910982131958,0.027153376,0.5531807729642685
11,10.223833,CRITICAL,83,10.223833,83,93.22383308410645,0.028010502,0.2554077618742642
12,9.921232,CRITICAL,217,9.921232,217,226.92123222351074,0.027181458,0.6217020060918103
13,9.966373,CRITICAL,195,9.966373,195,204.96637344360352,0.027305134,0.5615517080646671
14,10.254325,CRITICAL,46,10.254325,46,56.2543249130249,0.02809404,0.15412143811787646
15,9.924131,CRITICAL,76,9.924131,76,85.92413139343262,0.027189402,0.23540857916008937
16,9.908238,CRITICAL,113,9.908238,113,122.9082384109497,0.027145859,0.3367348997560266
17,9.904019,CRITICAL,165,9.904019,165,174.90401935577393,0.0271343,0.479189094125408
18,10.295256,CRITICAL,133,10.295256,133,143.29525566101074,0.02820618,0.39258974153701576
19,9.943077,CRITICAL,135,9.943077,135,144.94307708740234,0.027241306,0.3971043207874037
20,10.0085745,CRITICAL,184,10.0085745,184,194.0085744857788,0.027420752,0.5315303410569282
21,9.895812,CRITICAL,148,9.895812,148,157.89581203460693,0.027111813,0.43259126584823815
22,9.919795,CRITICAL,39,9.919795,39,48.91979503631592,0.02717752,0.13402683571593402
23,9.94903,CRITICAL,130,9.94903,130,139.94902992248535,0.027257616,0.3834219997876311
24,9.880658,CRITICAL,186,9.880658,186,195.88065814971924,0.027070297,0.5366593373964911
25,9.945082,CRITICAL,48,9.945082,48,57.94508171081543,0.0272468,0.158753648522782
26,9.896475,CRITICAL,76,9.896475,76,85.89647483825684,0.02711363,0.23533280777604612
27,9.956835,CRITICAL,140,9.956835,140,149.95683479309082,0.027278999,0.410840643268742
28,9.91587,CRITICAL,158,9.91587,158,167.9158697128296,0.027166767,0.46004347866528655
29,9.898771,CRITICAL,171,9.898771,171,180.89877128601074,0.027119922,0.49561307201646776
30,10.127356,CRITICAL,143,10.127356,143,153.12735557556152,0.02774618,0.4195270015768809
31,9.9237175,CRITICAL,196,9.9237175,196,205.9237174987793,0.027188268,0.5641745684898063
32,9.891853,CRITICAL,145,9.891853,145,154.89185333251953,0.027100967,0.42436124200690284
33,9.916468,CRITICAL,50,9.916468,50,59.91646766662598,0.027168404,0.16415470593596157
34,10.453108,CRITICAL,203,10.453108,203,213.4531078338623,0.028638652,0.5848030351612666
35,10.073326,CRITICAL,198,10.073326,198,208.07332611083984,0.027598154,0.5700639071529858
36,10.282193,CRITICAL,126,10.282193,126,136.28219318389893,0.028170392,0.3733758717367094
37,10.309605,CRITICAL,121,10.309605,121,131.3096046447754,0.028245492,0.3597523414925353
38,9.894875,CRITICAL,125,9.894875,125,134.8948745727539,0.027109245,0.36957499882946276
39,9.897771,CRITICAL,37,9.897771,37,46.89777088165283,0.02711718,0.12848704351137763
40,10.257807,CRITICAL,133,10.257807,133,143.2578067779541,0.02810358,0.3924871418574085
41,10.386236,CRITICAL,123,10.386236,123,133.3862361907959,0.028455442,0.3654417429884819
42,10.452818,CRITICAL,156,10.452818,156,166.45281791687012,0.028637858,0.45603511758046605
43,10.18441,CRITICAL,172,10.18441,172,182.18441009521484,0.027902493,0.49913537012387627
44,9.921937,CRITICAL,54,9.921937,54,63.921936988830566,0.02718339,0.17512859448994675
45,10.0045,CRITICAL,152,10.0045,152,162.00450038909912,0.02740959,0.4438479462715044
46,9.912939,CRITICAL,146,9.912939,146,155.91293907165527,0.027158737,0.4271587371826172
47,10.066388,CRITICAL,73,10.066388,73,83.06638813018799,0.027579146,0.22757914556215889
48,9.959754,CRITICAL,78,9.959754,78,87.95975399017334,0.027286997,0.2409856273703379
49,10.440937,CRITICAL,303,10.440937,303,313.4409370422363,0.028605307,0.858742293266401
50,9.891368,CRITICAL,74,9.891368,74,83.89136791229248,0.027099637,0.22983936414326708
51,9.928661,CRITICAL,144,9.928661,144,153.92866134643555,0.027201813,0.4217223598532481
52,9.892281,CRITICAL,189,9.892281,189,198.89228057861328,0.027102139,0.5449103577496254
53,9.910767,CRITICAL,164,9.910767,164,173.9107666015625,0.027152786,0.47646785370291095
54,9.896627,CRITICAL,121,9.896627,121,130.89662742614746,0.027114049,0.35862089705793826
55,9.907915,CRITICAL,113,9.907915,113,122.90791511535645,0.027144972,0.3367340140146752
56,10.42584,CRITICAL,136,10.42584,136,146.42584037780762,0.028563946,0.4011666859665962
57,10.164036,CRITICAL,160,10.164036,160,170.16403579711914,0.027846674,0.4662028378003264
58,10.105513,CRITICAL,176,10.105513,176,186.10551261901855,0.027686335,0.5098781167644344
59,9.909615,CRITICAL,94,9.909615,94,103.90961456298828,0.027149629,0.2846838755150364
60,9.990427,CRITICAL,147,9.990427,147,156.9904270172119,0.027371032,0.4301107589512655
61,10.19265,CRITICAL,159,10.19265,159,169.1926498413086,0.027925069,0.4635415064145441
62,9.895658,CRITICAL,232,9.895658,232,241.89565753936768,0.02711139,0.6627278288749799
63,10.065918,CRITICAL,155,10.065918,155,165.06591796875,0.027577857,0.4522353916952055
64,10.218602,CRITICAL,168,10.218602,168,178.21860218048096,0.027996171,0.4882701429602218
65,9.899713,CRITICAL,71,9.899713,71,80.89971256256104,0.0271225,0.22164304811660557
66,9.903637,CRITICAL,147,9.903637,147,156.90363693237305,0.027133252,0.4298729778969125
67,10.140224,CRITICAL,71,10.140224,71,81.14022445678711,0.027781436,0.22230198481311536
68,9.988625,CRITICAL,187,9.988625,187,196.9886245727539,0.027366094,0.5396948618431614
69,10.083094,CRITICAL,54,10.083094,54,64.08309364318848,0.027624914,0.17557011957037938
70,9.949098,CRITICAL,152,9.949098,152,161.94909763336182,0.027257802,0.4436961578996214
71,9.8975315,CRITICAL,68,9.8975315,68,77.89753150939941,0.027116524,0.21341789454629975
72,9.908342,CRITICAL,131,9.908342,131,140.9083423614502,0.027146144,0.386050253045069
73,9.89719,CRITICAL,112,9.89719,112,121.89719009399414,0.027115589,0.33396490436710724
74,9.959693,CRITICAL,137,9.959693,137,146.9596929550171,0.02728683,0.4026292957671701
75,10.045856,CRITICAL,88,10.045856,88,98.04585647583008,0.027522894,0.2686187848652879
76,9.904381,CRITICAL,205,9.904381,205,214.90438079833984,0.02713529,0.5887791254749036
77,10.328898,CRITICAL,162,10.328898,162,172.3288984298706,0.028298352,0.47213396830101534
78,9.8878,CRITICAL,72,9.8878,72,81.8878002166748,0.027089864,0.22435013757993097
79,10.164719,CRITICAL,101,10.164719,101,111.16471862792969,0.027848544,0.30456087295323203
80,9.913983,CRITICAL,133,9.913983,133,142.91398334503174,0.027161598,0.391545159849402
81,10.066332,CRITICAL,213,10.066332,213,223.06633186340332,0.02757899,0.6111406352422009
82,10.333948,CRITICAL,162,10.333948,162,172.33394813537598,0.028312186,0.4721478031106191
83,9.981123,CRITICAL,73,9.981123,73,82.98112297058105,0.027345542,0.2273455423851536
84,10.040551,CRITICAL,172,10.040551,172,182.0405511856079,0.02750836,0.4987412361249532
85,9.967508,CRITICAL,34,9.967508,34,43.96750831604004,0.027308242,0.12045892689326038
86,9.897278,CRITICAL,110,9.897278,110,119.89727783203125,0.02711583,0.3284856926904966
87,9.891403,CRITICAL,56,9.891403,56,65.89140319824219,0.027099734,0.1805243923239512
88,10.13565,CRITICAL,68,10.13565,68,78.13564968109131,0.027768902,0.2140702730988803
89,9.944734,CRITICAL,177,9.944734,177,186.94473361968994,0.027245846,0.5121773523827121
90,9.90933,CRITICAL,146,9.90933,146,155.909330368042,0.02714885,0.4271488503234027
91,10.411097,CRITICAL,234,10.411097,234,244.41109657287598,0.028523553,0.6696194426654136
92,10.319709,CRITICAL,150,10.319709,150,160.31970882415771,0.028273175,0.4392320789702951
93,9.963192,CRITICAL,244,9.963192,244,253.96319198608398,0.027296416,0.6957895670851616
94,10.075315,CRITICAL,133,10.075315,133,143.07531547546387,0.027603604,0.3919871656862024
95,9.919878,CRITICAL,89,9.919878,89,98.91987800598145,0.027177747,0.27101336439994916
96,9.907635,CRITICAL,97,9.907635,97,106.90763473510742,0.027144205,0.2928976294112532
97,9.90003,CRITICAL,134,9.90003,134,143.9000301361084,0.027123371,0.3942466579071463
98,10.113332,CRITICAL,121,10.113332,121,131.11333179473877,0.027707757,0.35921460765681856
99,9.896353,CRITICAL,97,9.896353,97,106.89635276794434,0.027113296,0.2928667199121763
100,9.88941,CRITICAL,198,9.88941,198,207.8894100189209,0.027094275,0.5695600274490984
1,9.916073,CRITICAL,258,9.916073,258,267.916072845459,0.027167322,0.7340166379327644
2,10.035305,CRITICAL,55,10.035305,55,65.03530502319336,0.027493987,0.17817891787176263
3,9.65538,CRITICAL,165,9.65538,165,174.65538024902344,0.026453096,0.4785078910932149
4,9.660531,CRITICAL,86,9.660531,86,95.66053104400635,0.026467208,0.2620836466959078
5,9.402569,CRITICAL,148,9.402569,148,157.40256881713867,0.025760463,0.4312399145675032
6,9.6545105,CRITICAL,63,9.6545105,63,72.65451049804688,0.026450714,0.1990534534193065
7,9.650419,CRITICAL,184,9.650419,184,193.6504192352295,0.026439505,0.5305490937951493
8,9.903263,CRITICAL,173,9.903263,173,182.90326309204102,0.027132228,0.5011048303891534
9,9.9488,CRITICAL,161,9.9488,161,170.9488000869751,0.027256986,0.4683528769506167
10,9.663737,CRITICAL,84,9.663737,84,93.6637372970581,0.026475992,0.2566129788960496
11,10.433077,CRITICAL,162,10.433077,162,172.4330768585205,0.028583772,0.4724193886534808
12,9.968005,CRITICAL,74,9.968005,74,83.96800518035889,0.027309604,0.23004932926125723
13,9.640503,CRITICAL,164,9.640503,164,173.6405029296875,0.026412336,0.47572740528681506
14,9.666737,CRITICAL,160,9.666737,160,169.6667366027832,0.02648421,0.46484037425420055
15,10.073532,CRITICAL,165,10.073532,165,175.0735321044922,0.027598718,0.4796535126150471
16,8.518545,CRITICAL,88,8.518545,88,96.51854515075684,0.02333848,0.2644343702760461
17,9.655842,CRITICAL,264,9.655842,264,273.6558418273926,0.026454361,0.7497420324038153
18,9.9897995,CRITICAL,40,9.9897995,40,49.98979949951172,0.027369313,0.1369583547931828
19,9.890818,CRITICAL,172,9.890818,172,181.8908176422119,0.02709813,0.49833100723893675
20,9.655039,CRITICAL,101,9.655039,101,110.65503883361816,0.026452161,0.30316448995511824
21,9.633188,CRITICAL,128,9.633188,128,137.63318824768066,0.026392296,0.37707722807583743
22,9.528077,CRITICAL,159,9.528077,159,168.52807712554932,0.026104322,0.4617207592480803
23,8.518301,CRITICAL,49,8.518301,49,57.518301010131836,0.023337811,0.15758438632912833
24,9.926817,CRITICAL,210,9.926817,210,219.92681694030762,0.02719676,0.6025392244939934
25,9.653601,CRITICAL,147,9.653601,147,156.65360069274902,0.026448222,0.429187947103422
26,8.517984,CRITICAL,76,8.517984,76,84.51798439025879,0.023336943,0.23155612161714736
27,9.899516,CRITICAL,68,9.899516,68,77.89951610565186,0.027121961,0.21342333179630646
28,9.639659,CRITICAL,23,9.639659,23,32.63965892791748,0.026410025,0.08942372309018488
29,10.047123,CRITICAL,101,10.047123,101,111.04712295532227,0.027526364,0.30423869302828016
30,9.603933,CRITICAL,184,9.603933,184,193.6039333343506,0.026312146,0.5304217351626044
31,9.628637,CRITICAL,123,9.628637,123,132.62863731384277,0.026379827,0.3633661296269665
32,8.518218,CRITICAL,170,8.518218,170,178.5182180404663,0.023337584,0.4890910083300447
33,9.641335,CRITICAL,135,9.641335,135,144.6413345336914,0.026414616,0.3962776288594285
34,9.620362,CRITICAL,52,9.620362,52,61.620362281799316,0.026357157,0.168822910361094
35,9.646348,CRITICAL,77,9.646348,77,86.64634799957275,0.026428351,0.23738725479335002
36,9.653739,CRITICAL,163,9.653739,163,172.6537389755249,0.0264486,0.4730239423986984
37,9.634776,CRITICAL,49,9.634776,49,58.63477611541748,0.026396647,0.1606432222340205
38,9.666789,CRITICAL,127,9.666789,127,136.6667890548706,0.026484353,0.37442955905444003
39,8.517406,CRITICAL,149,8.517406,149,157.51740646362305,0.02333536,0.4315545382565015
40,8.518887,CRITICAL,183,8.518887,183,191.5188865661621,0.023339415,0.5247092782634578
41,9.628197,CRITICAL,210,9.628197,210,219.6281967163086,0.02637862,0.6017210868939962
42,9.6433115,CRITICAL,137,9.6433115,137,146.64331150054932,0.02642003,0.40176249726177893
43,9.6443205,CRITICAL,184,9.6443205,184,193.64432048797607,0.026422797,0.5305323848985646
44,9.91226,CRITICAL,164,9.91226,164,173.912260055542,0.027156876,0.4764719453576493
45,9.862097,CRITICAL,195,9.862097,195,204.86209678649902,0.027019443,0.5612660185931481
46,9.654505,CRITICAL,132,9.654505,132,141.65450477600098,0.026450697,0.3880945336328794
47,9.922212,CRITICAL,81,9.922212,81,90.92221164703369,0.027184142,0.24910194971790053
48,8.523145,CRITICAL,132,8.523145,132,140.52314472198486,0.02335108,0.3849949170465339
49,10.062121,CRITICAL,65,10.062121,65,75.06212139129639,0.027567456,0.20564964764738736
50,9.555628,CRITICAL,164,9.555628,164,173.55562782287598,0.026179802,0.47549487074760544
51,9.914964,CRITICAL,37,9.914964,37,46.914963722229004,0.027164284,0.12853414718418904
52,10.028852,CRITICAL,165,10.028852,165,175.02885246276855,0.027476309,0.4795311026377221
53,9.611393,CRITICAL,149,9.611393,149,158.61139297485352,0.026332583,0.43455176157494113
54,9.646686,CRITICAL,74,9.646686,74,83.64668560028076,0.026429275,0.22916900164460483
55,10.051979,CRITICAL,123,10.051979,123,133.0519790649414,0.027539669,0.36452597004093534
56,9.631445,CRITICAL,73,9.631445,73,82.63144493103027,0.02638752,0.22638752035898704
57,9.653862,CRITICAL,76,9.653862,76,85.65386199951172,0.026448937,0.2346681150671554
58,9.642969,CRITICAL,247,9.642969,247,256.6429691314697,0.026419094,0.7031314222779993
59,9.622012,CRITICAL,22,9.622012,22,31.6220121383667,0.026361678,0.08663564969415534
60,9.624912,CRITICAL,144,9.624912,144,153.6249122619629,0.026369622,0.42089017058072026
61,10.031525,CRITICAL,70,10.031525,70,80.03152465820312,0.027483629,0.21926445111836473
62,9.918744,CRITICAL,205,9.918744,205,214.91874408721924,0.02717464,0.5888184769512855
63,9.953302,CRITICAL,174,9.953302,174,183.95330238342285,0.027269322,0.5039816503655421
64,9.627362,CRITICAL,233,9.627362,233,242.62736225128174,0.026376335,0.6647324993185801
65,8.517442,CRITICAL,367,8.517442,367,375.51744174957275,0.023335457,1.028814908902939
66,8.517568,CRITICAL,63,8.517568,63,71.51756763458252,0.023335801,0.19593854146460965
67,8.517181,CRITICAL,146,8.517181,146,154.51718139648438,0.023334743,0.423334743552012
68,9.597989,CRITICAL,218,9.597989,218,227.59798908233643,0.026295861,0.6235561344721546
69,8.517393,CRITICAL,158,8.517393,158,166.51739311218262,0.023335323,0.456212035923788
70,10.002678,CRITICAL,264,10.002678,264,274.00267791748047,0.027404597,0.7506922682670698
71,8.517324,CRITICAL,65,8.517324,65,73.51732444763184,0.023335135,0.20141732725378586
72,8.517475,CRITICAL,143,8.517475,143,151.51747512817383,0.023335548,0.41511637021417486
73,10.0357895,CRITICAL,151,10.0357895,151,161.0357894897461,0.027495313,0.4411939438075235
74,9.653467,CRITICAL,103,9.653467,103,112.65346717834473,0.026447855,0.30863963610505407
75,9.649918,CRITICAL,192,9.649918,192,201.64991760253906,0.02643813,0.5524655276781892
76,9.913127,CRITICAL,222,9.913127,222,231.9131269454956,0.027159251,0.6353784299876591
77,10.090893,CRITICAL,67,10.090893,67,77.09089279174805,0.02764628,0.21120792545684397
78,9.891487,CRITICAL,128,9.891487,128,137.89148712158203,0.027099965,0.3777848962235124
79,9.638288,CRITICAL,113,9.638288,113,122.63828754425049,0.026406268,0.3359953083404123
80,9.652284,CRITICAL,278,9.652284,278,287.65228366851807,0.026444612,0.7880884484068988
81,9.660554,CRITICAL,76,9.660554,76,85.66055393218994,0.026467271,0.23468644912928752
82,9.648896,CRITICAL,96,9.648896,96,105.64889621734619,0.026435332,0.2894490307324553
83,9.623058,CRITICAL,21,9.623058,21,30.623058319091797,0.026364543,0.08389878991531999
84,10.0752,CRITICAL,204,10.0752,204,214.07520008087158,0.027603287,0.58650739748184
85,8.517729,CRITICAL,183,8.517729,183,191.517728805542,0.023336243,0.5247061063165535
86,9.904206,CRITICAL,83,9.904206,83,92.90420627593994,0.027134812,0.25453207198887656
87,10.088485,CRITICAL,131,10.088485,131,141.08848476409912,0.027639685,0.38654379387424415
88,9.598471,CRITICAL,166,9.598471,166,175.5984706878662,0.02629718,0.48109170051470196
89,10.048959,CRITICAL,59,10.048959,59,69.04895877838135,0.027531395,0.18917522952981192
90,9.514477,CRITICAL,163,9.514477,163,172.51447677612305,0.02606706,0.4726424021263645
91,8.527156,CRITICAL,278,8.527156,278,286.52715587615967,0.02336207,0.7850059065100264
92,9.625687,CRITICAL,123,9.625687,123,132.6256866455078,0.026371744,0.363358045604131
93,9.941267,CRITICAL,76,9.941267,76,85.9412670135498,0.027236348,0.23545552606452003
94,10.066303,CRITICAL,117,10.066303,117,127.06630325317383,0.027578913,0.3481268582278735
95,9.655325,CRITICAL,78,9.655325,78,87.65532493591309,0.026452946,0.24015157516688518
96,9.654269,CRITICAL,140,9.654269,140,149.65426921844482,0.026450053,0.4100116964888899
97,9.6235695,CRITICAL,213,9.6235695,213,222.6235694885254,0.026365943,0.6099275876397956
98,8.518939,CRITICAL,113,8.518939,113,121.51893901824951,0.023339558,0.33292860004999864
99,8.519049,CRITICAL,163,8.519049,163,171.5190486907959,0.02333986,0.4699152018925915
100,9.623718,CRITICAL,149,9.623718,149,158.62371826171875,0.026366351,0.43458552948416096
101,9.623623,CRITICAL,38,9.623623,38,47.62362289428711,0.02636609,0.13047567916243044
102,9.639271,CRITICAL,122,9.639271,122,131.6392707824707,0.026408961,0.3606555363903307
103,9.981982,CRITICAL,186,9.981982,186,195.98198223114014,0.027347896,0.5369369376195621
104,10.037524,CRITICAL,141,10.037524,141,151.03752422332764,0.027500067,0.4138014362282949
105,10.087833,CRITICAL,61,10.087833,61,71.08783340454102,0.027637899,0.19476118740970141
106,9.664204,CRITICAL,72,9.664204,72,81.66420364379883,0.02647727,0.22373754422958583
107,9.63065,CRITICAL,132,9.63065,132,141.6306495666504,0.02638534,0.3880291768949326
108,9.650829,CRITICAL,174,9.650829,174,183.65082931518555,0.026440628,0.5031529570279056
109,10.066314,CRITICAL,144,10.066314,144,154.0663137435913,0.027578942,0.42209948970846933
110,9.980177,CRITICAL,219,9.980177,219,228.98017692565918,0.02734295,0.627342950481258
111,10.433666,CRITICAL,131,10.433666,131,141.43366622924805,0.028585387,0.3874894965184878
112,9.643138,CRITICAL,109,9.643138,109,118.64313793182373,0.026419556,0.3250496929639006
113,9.9541645,CRITICAL,45,9.9541645,45,54.95416450500488,0.027271684,0.15055935480823254
114,9.989782,CRITICAL,153,9.989782,153,162.98978233337402,0.027369266,0.44654734885855896
115,10.052517,CRITICAL,210,10.052517,210,220.05251693725586,0.027541142,0.6028836080472764
116,9.665072,CRITICAL,171,9.665072,171,180.66507244110107,0.02647965,0.49497280120849607
117,9.630926,CRITICAL,55,9.630926,55,64.63092613220215,0.026386099,0.17707103049918396
118,9.663373,CRITICAL,97,9.663373,97,106.66337299346924,0.026474994,0.2922284191601897
119,8.518097,CRITICAL,202,8.518097,202,210.51809692382812,0.023337252,0.576761909380351
120,10.372652,CRITICAL,160,10.372652,160,170.372652053833,0.028418224,0.4667743891885836
121,9.661156,CRITICAL,59,9.661156,59,68.6611557006836,0.02646892,0.1881127553443386
122,8.517904,CRITICAL,29,8.517904,29,37.51790428161621,0.023336723,0.10278877885374305
123,9.668362,CRITICAL,61,9.668362,61,70.66836166381836,0.026488662,0.1936119497638859
124,9.967585,CRITICAL,149,9.967585,149,158.96758460998535,0.027308451,0.435527629068453
125,8.517928,CRITICAL,79,8.517928,79,87.51792812347412,0.023336789,0.23977514554376472
126,8.517855,CRITICAL,99,8.517855,99,107.51785469055176,0.023336587,0.29456946490562125
127,9.932137,CRITICAL,126,9.932137,126,135.93213653564453,0.027211333,0.3724168124264234
128,8.518263,CRITICAL,110,8.518263,110,118.51826286315918,0.023337707,0.32470756948810736
129,9.935171,CRITICAL,218,9.935171,218,227.93517112731934,0.027219648,0.6244799208967653
130,8.518143,CRITICAL,141,8.518143,141,149.5181427001953,0.023337377,0.40963874712382276
131,8.517235,CRITICAL,73,8.517235,73,81.5172348022461,0.02333489,0.22333488986916739
132,10.2432575,CRITICAL,122,10.2432575,122,132.243257522583,0.02806372,0.3623102945824192
133,9.574841,CRITICAL,186,9.574841,186,195.5748405456543,0.02623244,0.5358214809469981
134,9.180662,CRITICAL,186,9.180662,186,195.18066215515137,0.025152499,0.5347415401510996
135,9.901249,CRITICAL,120,9.901249,120,129.90124893188477,0.027126709,0.3558938326900952
136,9.654888,CRITICAL,77,9.654888,77,86.65488815307617,0.026451748,0.2374106524741813
137,9.993286,CRITICAL,226,9.993286,226,235.9932861328125,0.027378866,0.6465569483090754
138,9.641877,CRITICAL,200,9.641877,200,209.64187717437744,0.026416102,0.5743613073270615
139,9.605754,CRITICAL,116,9.605754,116,125.6057538986206,0.026317134,0.3441253531469058
140,9.647991,CRITICAL,306,9.647991,306,315.6479911804199,0.026432853,0.8647890169326573
141,9.632668,CRITICAL,69,9.632668,69,78.6326675415039,0.02639087,0.21543196586713398
142,10.419304,CRITICAL,163,10.419304,163,173.41930389404297,0.028546037,0.47512138053162456
143,10.033531,CRITICAL,226,10.033531,226,236.03353118896484,0.027489126,0.64666720873689
144,8.518858,CRITICAL,143,8.518858,143,151.51885795593262,0.023339337,0.41512015878337705
145,9.929966,CRITICAL,142,9.929966,142,151.9299659729004,0.027205387,0.41624648211753534
146,9.625971,CRITICAL,144,9.625971,144,153.6259708404541,0.026372522,0.42089307079576466
147,9.638838,CRITICAL,78,9.638838,78,87.63883781433105,0.026407775,0.24010640497077002
148,9.51247,CRITICAL,157,9.51247,157,166.51247024536133,0.026061563,0.4561985486174283
149,8.517671,CRITICAL,70,8.517671,70,78.51767063140869,0.023336085,0.21511690583947587
150,8.517436,CRITICAL,196,8.517436,196,204.51743602752686,0.023335442,0.5603217425411695
151,9.626021,CRITICAL,141,9.626021,141,150.62602138519287,0.026372662,0.4126740311923092
152,10.091085,CRITICAL,90,10.091085,90,100.09108543395996,0.02764681,0.2742221518738629
153,9.905933,CRITICAL,146,9.905933,146,155.90593338012695,0.027139543,0.42713954350719713
154,9.655928,CRITICAL,58,9.655928,58,67.65592765808105,0.026454596,0.18535870591255083
155,10.020119,CRITICAL,72,10.020119,72,82.0201187133789,0.02745238,0.22471265400925727
156,10.028275,CRITICAL,75,10.028275,75,85.02827453613281,0.027474726,0.23295417681132277
157,9.66286,CRITICAL,161,9.66286,161,170.662859916687,0.02647359,0.46756947922380004
158,9.56173,CRITICAL,171,9.56173,171,180.56173038482666,0.02619652,0.49468967228719635
159,9.666713,CRITICAL,187,9.666713,187,196.6667127609253,0.026484145,0.5388129116737679
160,9.628934,CRITICAL,124,9.628934,124,133.62893390655518,0.026380641,0.36610666823713744
161,9.351649,CRITICAL,174,9.351649,174,183.3516492843628,0.025620958,0.502333285710583
162,9.996742,CRITICAL,185,9.996742,185,194.99674224853516,0.027388334,0.5342376499959868
163,9.652615,CRITICAL,144,9.652615,144,153.65261459350586,0.02644552,0.4209660673794681
164,9.637543,CRITICAL,199,9.637543,199,208.63754272460938,0.026404226,0.5716097060948202
165,9.655879,CRITICAL,35,9.655879,35,44.65587902069092,0.026454464,0.12234487402929019
166,9.623823,CRITICAL,97,9.623823,97,106.62382316589355,0.026366638,0.2921200634682015
167,9.614576,CRITICAL,78,9.614576,78,87.61457633972168,0.026341304,0.24003993517731967
168,10.042559,CRITICAL,107,10.042559,107,117.04255867004395,0.02751386,0.3206645443014903
169,8.5271635,CRITICAL,80,8.5271635,80,88.5271635055542,0.023362093,0.2425401739878197
170,9.653042,CRITICAL,85,9.653042,85,94.65304183959961,0.02644669,0.2593234023002729
171,9.635992,CRITICAL,243,9.635992,243,252.6359920501709,0.026399978,0.6921534028771805
172,9.659319,CRITICAL,128,9.659319,128,137.6593189239502,0.026463887,0.3771488189697266
173,10.433987,CRITICAL,117,10.433987,117,127.43398666381836,0.028586265,0.3491342100378585
174,10.034197,CRITICAL,51,10.034197,51,61.034196853637695,0.027490951,0.16721697768119917
175,8.516918,CRITICAL,83,8.516918,83,91.51691818237305,0.023334023,0.250731282691433
176,9.651222,CRITICAL,200,9.651222,200,209.6512222290039,0.026441704,0.574386910216449
177,9.816083,CRITICAL,191,9.816083,191,200.81608295440674,0.026893377,0.5501810491901554
178,9.655863,CRITICAL,54,9.655863,54,63.65586280822754,0.026454419,0.17439962413213025
179,9.655791,CRITICAL,156,9.655791,156,165.6557912826538,0.026454223,0.45385148296617484
180,10.052271,CRITICAL,154,10.052271,154,164.05227088928223,0.027540468,0.4494582764089924
181,9.595175,CRITICAL,199,9.595175,199,208.5951747894287,0.02628815,0.5714936295600787
182,9.656661,CRITICAL,134,9.656661,134,143.65666103363037,0.026456606,0.39357989324282294
183,9.605404,CRITICAL,150,9.605404,150,159.60540390014648,0.026316175,0.4372750791784835
184,9.915167,CRITICAL,64,9.915167,64,73.9151668548584,0.027164841,0.20250730645166684
185,9.877186,CRITICAL,254,9.877186,254,263.8771858215332,0.027060783,0.7229511940315978
186,9.666472,CRITICAL,166,9.666472,166,175.66647243499756,0.026483485,0.48127800667122617
187,8.517607,CRITICAL,84,8.517607,84,92.51760673522949,0.02333591,0.2534728951650123
188,9.912344,CRITICAL,86,9.912344,86,95.91234397888184,0.027157107,0.26277354514762147
189,9.648448,CRITICAL,178,9.648448,178,187.64844799041748,0.026434105,0.5141053369600479
190,9.641067,CRITICAL,158,9.641067,158,167.6410665512085,0.02641388,0.4592905932909822
191,9.631795,CRITICAL,95,9.631795,95,104.6317949295044,0.02638848,0.2866624518616559
192,9.655798,CRITICAL,161,9.655798,161,170.65579795837402,0.02645424,0.46755013139280555
193,9.638015,CRITICAL,245,9.638015,245,254.638014793396,0.02640552,0.6976383966942356
194,9.611518,CRITICAL,50,9.611518,50,59.611517906188965,0.026332926,0.16331922714024374
195,9.917932,CRITICAL,262,9.917932,262,271.91793155670166,0.027172415,0.7449806344019223
196,9.6231785,CRITICAL,109,9.6231785,109,118.62317848205566,0.026364872,0.32499500953987853
197,8.51741,CRITICAL,59,8.51741,59,67.51741027832031,0.023335371,0.18497920624197345
198,8.517988,CRITICAL,120,8.517988,120,128.51798820495605,0.023336954,0.3521040772738522
199,9.917865,CRITICAL,117,9.917865,117,126.91786479949951,0.027172232,0.3477201775328754
200,9.660986,CRITICAL,60,9.660986,60,69.66098594665527,0.026468454,0.19085201629220622
201,9.667348,CRITICAL,25,9.667348,25,34.66734790802002,0.026485885,0.09497903536443841
202,9.663406,CRITICAL,124,9.663406,124,133.6634063720703,0.026475087,0.3662011133481378
203,8.517524,CRITICAL,115,8.517524,115,123.51752376556396,0.023335682,0.33840417470017525
204,9.6543865,CRITICAL,41,9.6543865,41,50.65438652038574,0.026450373,0.13877914115174175
205,9.669793,CRITICAL,31,9.669793,31,40.669793128967285,0.026492584,0.11142409076429394
206,8.517996,CRITICAL,162,8.517996,162,170.5179958343506,0.023336975,0.4671725913269879
207,9.653908,CRITICAL,141,9.653908,141,150.6539077758789,0.026449062,0.41275043226268193
208,9.596682,CRITICAL,166,9.596682,166,175.59668159484863,0.026292278,0.4810867988899963
209,8.522373,CRITICAL,131,8.522373,131,139.5223731994629,0.023348968,0.3822530772588024
210,9.39258,CRITICAL,182,9.39258,182,191.39258003234863,0.025733097,0.5243632329653387
211,9.645948,CRITICAL,155,9.645948,155,164.64594841003418,0.026427256,0.4510847901644772
212,9.956012,CRITICAL,187,9.956012,187,196.95601177215576,0.027276745,0.5396055117045363
213,10.039159,CRITICAL,159,10.039159,159,169.03915882110596,0.027504545,0.46312098307152316
214,9.655695,CRITICAL,75,9.655695,75,84.65569496154785,0.026453959,0.23193341085355576
215,9.6297455,CRITICAL,71,9.6297455,71,80.62974548339844,0.026382864,0.2209034122832834
216,10.085248,CRITICAL,100,10.085248,100,110.08524799346924,0.027630817,0.3016034191601897
217,9.660921,CRITICAL,49,9.660921,49,58.66092109680176,0.026468277,0.16071485232000482
218,9.653055,CRITICAL,33,9.653055,33,42.65305519104004,0.026446726,0.11685768545490421
219,9.895209,CRITICAL,161,9.895209,161,170.89520931243896,0.027110163,0.4682060529107917
220,9.6300125,CRITICAL,54,9.6300125,54,63.63001251220703,0.026383596,0.17432880140330692
221,9.630789,CRITICAL,55,9.630789,55,64.63078880310059,0.026385723,0.1770706542550701
222,9.6690645,CRITICAL,180,9.6690645,180,189.66906452178955,0.026490588,0.5196412726624371
223,8.517344,CRITICAL,29,8.517344,29,37.51734447479248,0.02333519,0.10278724513641775
224,9.662275,CRITICAL,43,9.662275,43,52.662275314331055,0.026471987,0.14428020634063302
225,9.662796,CRITICAL,166,9.662796,166,175.6627960205078,0.026473414,0.48126793430276116
226,9.624378,CRITICAL,165,9.624378,165,174.6243782043457,0.02636816,0.4784229539845088
227,9.643246,CRITICAL,180,9.643246,180,189.64324569702148,0.026419852,0.5195705361562233
228,9.640875,CRITICAL,44,9.640875,44,53.6408748626709,0.026413355,0.1469613009936189
229,9.655586,CRITICAL,109,9.655586,109,118.65558624267578,0.02645366,0.32508379792513914
230,8.517825,CRITICAL,125,8.517825,125,133.51782512664795,0.023336507,0.3658022606209533
231,9.546738,CRITICAL,187,9.546738,187,196.54673767089844,0.026155446,0.538484212796982
232,9.654961,CRITICAL,159,9.654961,159,168.65496063232422,0.026451947,0.46206838529403893
233,10.057932,CRITICAL,40,10.057932,40,50.057931900024414,0.027555978,0.13714501890417646
234,8.517151,CRITICAL,147,8.517151,147,155.51715087890625,0.02333466,0.4260743859696062
235,10.038309,CRITICAL,102,10.038309,102,112.03830909729004,0.027502216,0.3069542714994248
236,8.518334,CRITICAL,274,8.518334,274,282.5183343887329,0.023337903,0.774022833941734
237,10.038881,CRITICAL,235,10.038881,235,245.03888130187988,0.027503785,0.6713394008270682
238,10.02551,CRITICAL,94,10.02551,94,104.02550983428955,0.02746715,0.28500139680627273
239,9.655609,CRITICAL,106,9.655609,106,115.65560913085938,0.026453724,0.31686468255029965
240,9.630918,CRITICAL,50,9.630918,50,59.6309175491333,0.026386075,0.16337237684694056
241,9.892448,CRITICAL,44,9.892448,44,53.89244842529297,0.027102599,0.14765054363093963
242,9.654009,CRITICAL,194,9.654009,194,203.65400886535645,0.02644934,0.5579561886722094
243,9.655929,CRITICAL,40,9.655929,40,49.65592861175537,0.0264546,0.1360436400322065
244,8.517957,CRITICAL,49,8.517957,49,57.51795673370361,0.023336867,0.1575834431060373
245,8.517947,CRITICAL,265,8.517947,265,273.51794719696045,0.02333684,0.7493642388957821
246,9.663656,CRITICAL,80,9.663656,80,89.66365623474121,0.02647577,0.24565385269792112
247,9.654637,CRITICAL,87,9.654637,87,96.65463733673096,0.02645106,0.2648072255800848
248,9.641556,CRITICAL,162,9.641556,162,171.6415557861328,0.026415221,0.47025083777022686
249,10.061308,CRITICAL,36,10.061308,36,46.06130790710449,0.027565228,0.1261953641290534
250,9.618284,CRITICAL,234,9.618284,234,243.61828422546387,0.026351463,0.6674473540423668
251,8.518166,CRITICAL,64,8.518166,64,72.5181655883789,0.02333744,0.19867990572158603
252,9.663947,CRITICAL,249,9.663947,249,258.6639471054077,0.026476568,0.7086683482339937
253,10.148075,CRITICAL,139,10.148075,139,149.14807510375977,0.027802946,0.408624863297972
254,9.603432,CRITICAL,131,9.603432,131,140.60343170166016,0.026310772,0.3852148813744114
255,9.630313,CRITICAL,150,9.630313,150,159.6303129196167,0.026384419,0.437343323067443
256,10.050455,CRITICAL,59,10.050455,59,69.05045509338379,0.027535493,0.18917932902296927
257,9.652796,CRITICAL,199,9.652796,199,208.65279579162598,0.026446017,0.5716514953195232
258,9.916782,CRITICAL,98,9.916782,98,107.91678237915039,0.027169267,0.29566241747712435
259,9.57592,CRITICAL,123,9.57592,123,132.57592010498047,0.026235398,0.3632216989177547
1,9.909054,CRITICAL,233,9.909054,233,242.90905380249023,0.027148092,0.6655042569931239
2,9.967335,CRITICAL,124,9.967335,124,133.96733474731445,0.027307766,0.3670337938282588
3,9.92745,CRITICAL,234,9.92745,234,243.9274501800537,0.027198493,0.6682943840549417
4,9.94729,CRITICAL,68,9.94729,68,77.94729042053223,0.027252851,0.21355422033022528
5,9.902765,CRITICAL,138,9.902765,138,147.90276527404785,0.027130865,0.4052130555453366
6,9.959875,CRITICAL,64,9.959875,64,73.95987510681152,0.027287329,0.20262979481318225
7,10.28196,CRITICAL,158,10.28196,158,168.2819595336914,0.028169753,0.4610464644758669
8,10.050644,CRITICAL,192,10.050644,192,202.05064392089844,0.02753601,0.5535634080024615
9,9.957892,CRITICAL,238,9.957892,238,247.95789241790771,0.027281897,0.6793366915559116
10,9.909473,CRITICAL,131,9.909473,131,140.90947341918945,0.027149241,0.3860533518333958
11,9.926403,CRITICAL,103,9.926403,103,112.9264030456543,0.027195625,0.3093874056045323
12,10.236828,CRITICAL,146,10.236828,146,156.2368278503418,0.028046103,0.4280461036995666
13,9.905561,CRITICAL,65,9.905561,65,74.90556144714355,0.027138524,0.205220716293544
14,9.958874,CRITICAL,169,9.958874,169,178.9588737487793,0.027284585,0.49029828424323096
15,9.891892,CRITICAL,112,9.891892,112,121.8918924331665,0.027101075,0.33395039022785344
16,9.907397,CRITICAL,126,9.907397,126,135.90739727020264,0.027143555,0.3723490336169935
17,9.896317,CRITICAL,230,9.896317,230,239.8963165283203,0.027113196,0.6572501822693707
18,9.897411,CRITICAL,244,9.897411,244,253.89741134643555,0.027116196,0.6956093461546179
19,9.898661,CRITICAL,115,9.898661,115,124.89866065979004,0.027119618,0.34218811139668504
20,9.902691,CRITICAL,207,9.902691,207,216.90269088745117,0.02713066,0.5942539476368526
21,9.91268,CRITICAL,263,9.91268,263,272.9126796722412,0.027158026,0.7477059717047705
22,9.897086,CRITICAL,119,9.897086,119,128.89708614349365,0.027115304,0.3531427017629963
23,9.904038,CRITICAL,405,9.904038,405,414.90403842926025,0.027134351,1.1367233929568774
24,9.9569,CRITICAL,475,9.9569,475,484.95689964294434,0.027279178,1.3286490401176556
25,10.319153,CRITICAL,169,10.319153,169,179.31915283203125,0.02827165,0.4912853502247432
26,10.423967,CRITICAL,130,10.423967,130,140.4239673614502,0.028558815,0.38472319825054846
27,9.894613,CRITICAL,104,9.894613,104,113.89461326599121,0.02710853,0.3120400363451814
28,9.899975,CRITICAL,70,9.899975,70,79.89997482299805,0.027123218,0.21890404061095356
29,9.923997,CRITICAL,89,9.923997,89,98.923996925354,0.027189033,0.2710246491105589
30,9.89594,CRITICAL,333,9.89594,333,342.89593982696533,0.027112164,0.9394409310327817
31,9.888262,CRITICAL,152,9.888262,152,161.88826179504395,0.027091129,0.4435294843699834
32,9.956848,CRITICAL,120,9.956848,120,129.95684814453125,0.027279036,0.3560461593000856
33,9.902238,CRITICAL,180,9.902238,180,189.90223789215088,0.02712942,0.520280103814112
34,10.337902,CRITICAL,105,10.337902,105,115.3379020690918,0.028323019,0.3159942522440871
35,9.901173,CRITICAL,144,9.901173,144,153.90117263793945,0.0271265,0.4216470483231218
36,9.889395,CRITICAL,90,9.889395,90,99.88939476013184,0.027094232,0.2736695746852927
37,9.921337,CRITICAL,47,9.921337,47,56.92133712768555,0.027181746,0.1559488688429741
38,10.088502,CRITICAL,133,10.088502,133,143.08850193023682,0.027639732,0.3920232929595529
39,9.939495,CRITICAL,310,9.939495,310,319.9394950866699,0.027231494,0.8765465618812874
40,9.904859,CRITICAL,313,9.904859,313,322.90485858917236,0.0271366,0.8846708454497872
41,9.891401,CRITICAL,101,9.891401,101,110.89140129089355,0.02709973,0.3038120583312152
42,10.295879,CRITICAL,87,10.295879,87,97.29587936401367,0.028207889,0.26656405305209224
43,9.956991,CRITICAL,133,9.956991,133,142.9569911956787,0.027279427,0.39166298957720197
44,10.092625,CRITICAL,146,10.092625,146,156.09262466430664,0.027651027,0.42765102647755243
45,9.920214,CRITICAL,88,9.920214,88,97.92021369934082,0.027178667,0.2682745580803858
46,9.94062,CRITICAL,180,9.94062,180,189.94062042236328,0.027234577,0.5203852614311323
47,9.965193,CRITICAL,56,9.965193,56,65.9651927947998,0.027301898,0.18072655560219125
48,9.958286,CRITICAL,179,9.958286,179,188.9582862854004,0.027282976,0.5176939350284943
49,9.890658,CRITICAL,211,9.890658,211,220.89065837860107,0.027097695,0.60517988596877
50,10.15711,CRITICAL,147,10.15711,147,157.1571102142334,0.027827699,0.43056742524447505
51,9.932718,CRITICAL,118,9.932718,118,127.93271827697754,0.027212927,0.35050059801911654
52,9.893493,CRITICAL,38,9.893493,38,47.893492698669434,0.02710546,0.1312150484895053
53,9.947874,CRITICAL,108,9.947874,108,117.94787406921387,0.02725445,0.32314486046359964
54,9.946066,CRITICAL,50,9.946066,50,59.94606590270996,0.027249496,0.16423579699372592
55,10.368412,CRITICAL,203,10.368412,203,213.36841201782227,0.028406609,0.58457099182965
56,9.94644,CRITICAL,162,9.94644,162,171.946439743042,0.027250519,0.47108613628230683
57,10.048322,CRITICAL,158,10.048322,158,168.048321723938,0.02752965,0.46040636088750136
58,9.941217,CRITICAL,119,9.941217,119,128.94121742248535,0.027236212,0.35326360937667217
59,9.902876,CRITICAL,149,9.902876,149,158.90287590026855,0.027131166,0.4353503449322426
60,9.907948,CRITICAL,112,9.907948,112,121.9079475402832,0.027145062,0.33399437682269373
61,9.897533,CRITICAL,78,9.897533,78,87.89753341674805,0.02711653,0.24081516004588505
62,9.903191,CRITICAL,224,9.903191,224,233.90319061279297,0.027132029,0.6408306592131314
63,9.887882,CRITICAL,137,9.887882,137,146.88788223266602,0.027090088,0.40243255406209866
64,9.91506,CRITICAL,271,9.91506,271,280.91506004333496,0.027164549,0.7696303014885889
65,9.897749,CRITICAL,79,9.897749,79,88.89774894714355,0.02711712,0.24355547656751658
66,9.934061,CRITICAL,122,9.934061,122,131.93406105041504,0.027216606,0.3614631809600412
67,9.907419,CRITICAL,186,9.907419,186,195.9074192047119,0.027143614,0.5367326553553751
68,9.897006,CRITICAL,188,9.897006,188,197.89700603485107,0.027115084,0.5421835781776742
69,9.89677,CRITICAL,105,9.89677,105,114.8967695236206,0.027114438,0.31478566992772766
70,10.157911,CRITICAL,84,10.157911,84,94.15791130065918,0.027829895,0.2579668802757786
71,9.945951,CRITICAL,367,9.945951,367,376.945951461792,0.027249182,1.032728634141896
72,9.907881,CRITICAL,232,9.907881,232,241.90788078308105,0.02714488,0.6627613172139207
73,10.000908,CRITICAL,109,10.000908,109,119.00090789794922,0.027399749,0.3260298846519157
74,9.892134,CRITICAL,68,9.892134,68,77.89213371276855,0.027101737,0.2134031060623796
75,9.909691,CRITICAL,191,9.909691,191,200.9096908569336,0.027149837,0.5504375091970783
76,10.020087,CRITICAL,180,10.020087,180,190.02008724212646,0.027452294,0.520602978745552
77,9.903879,CRITICAL,381,9.903879,381,390.9038791656494,0.027133916,1.0709695319606833
78,9.922,CRITICAL,279,9.922,279,288.92199993133545,0.02718356,0.7915671230995491
79,10.179483,CRITICAL,170,10.179483,170,180.1794834136963,0.027888997,0.4936424203114967
80,10.067751,CRITICAL,85,10.067751,85,95.06775093078613,0.02758288,0.26045959159119486
81,9.922636,CRITICAL,155,9.922636,155,164.9226360321045,0.027185304,0.4518428384441219
82,9.961589,CRITICAL,194,9.961589,194,203.9615888595581,0.027292024,0.5587988735878304
83,10.036362,CRITICAL,168,10.036362,168,178.03636169433594,0.027496882,0.48777085395708475
84,9.903492,CRITICAL,76,9.903492,76,85.90349197387695,0.027132854,0.23535203280514233
85,9.9078045,CRITICAL,118,9.9078045,118,127.90780448913574,0.02714467,0.3504323410661253
86,9.906184,CRITICAL,174,9.906184,174,183.90618419647217,0.02714023,0.5038525594423895
87,9.891961,CRITICAL,218,9.891961,218,227.89196109771729,0.027101263,0.62436153725402
88,9.889839,CRITICAL,41,9.889839,41,50.88983917236328,0.02709545,0.13942421691058432
89,9.896752,CRITICAL,120,9.896752,120,129.8967523574829,0.02711439,0.35588151330817236
90,9.896808,CRITICAL,206,9.896808,206,215.89680767059326,0.027114542,0.5914981032071048
91,9.896878,CRITICAL,56,9.896878,56,65.89687824249268,0.027114734,0.1805393924451854
92,9.936124,CRITICAL,266,9.936124,266,275.9361238479614,0.027222257,0.7559893804053738
93,9.896614,CRITICAL,158,9.896614,158,167.89661407470703,0.027114011,0.45999072349234804
94,9.967993,CRITICAL,333,9.967993,333,342.9679927825928,0.027309569,0.9396383363906652
95,9.8926115,CRITICAL,213,9.8926115,213,222.89261150360107,0.027103046,0.6106646890509618
96,9.9123535,CRITICAL,358,9.9123535,358,367.912353515625,0.027157133,1.0079790507277397
97,9.895732,CRITICAL,95,9.895732,95,104.89573192596436,0.027111594,0.2873855669204503
98,9.90974,CRITICAL,182,9.90974,182,191.90974044799805,0.027149973,0.525780110816433
99,9.943144,CRITICAL,289,9.943144,289,298.9431438446045,0.02724149,0.819022311903026
100,9.909241,CRITICAL,247,9.909241,247,256.90924072265625,0.027148604,0.7038609334867294
1,8.517313,CRITICAL,230,8.517313,230,238.51731300354004,0.023335105,0.6534720904206577
2,9.638947,CRITICAL,153,9.638947,153,162.63894653320312,0.026408073,0.44558615488548803
3,9.596059,CRITICAL,141,9.596059,141,150.59605884552002,0.026290571,0.4125919420425206
4,8.517112,CRITICAL,208,8.517112,208,216.51711177825928,0.023334553,0.5931975665157788
5,8.518387,CRITICAL,51,8.518387,51,59.51838684082031,0.023338046,0.16306407353649402
6,9.655286,CRITICAL,146,9.655286,146,155.6552858352661,0.026452838,0.4264528379048387
7,10.023256,CRITICAL,54,10.023256,54,64.02325630187988,0.027460976,0.17540618164898597
8,9.641647,CRITICAL,248,9.641647,248,257.6416473388672,0.026415473,0.7058675269558005
9,9.661287,CRITICAL,284,9.661287,284,293.66128730773926,0.026469281,0.804551472075998
10,9.895546,CRITICAL,23,9.895546,23,32.895545959472656,0.027111085,0.09012478345061002
11,9.636187,CRITICAL,82,9.636187,82,91.63618659973145,0.026400512,0.2510580454787163
12,9.537857,CRITICAL,270,9.537857,270,279.53785705566406,0.026131116,0.7658571426182577
13,9.654611,CRITICAL,227,9.654611,227,236.6546106338501,0.026450988,0.6483687962571235
14,9.631953,CRITICAL,102,9.631953,102,111.63195323944092,0.026388913,0.3058409677792902
15,9.932016,CRITICAL,168,9.932016,168,177.93201637268066,0.027211003,0.4874849763635087
16,8.517887,CRITICAL,240,8.517887,240,248.51788711547852,0.023336677,0.6808709236040508
17,9.65406,CRITICAL,334,9.65406,334,343.65406036376953,0.026449481,0.9415179735993686
18,8.517542,CRITICAL,247,8.517542,247,255.51754188537598,0.02333573,0.7000480599599341
19,9.6556,CRITICAL,24,9.6556,24,33.65559959411621,0.026453698,0.09220712217566085
20,9.6670065,CRITICAL,115,9.6670065,115,124.66700649261475,0.02648495,0.34155344244551983
21,8.517373,CRITICAL,202,8.517373,202,210.51737308502197,0.023335269,0.5767599262603341
22,9.92771,CRITICAL,158,9.92771,158,167.92770957946777,0.027199205,0.4600759166560761
23,10.020767,CRITICAL,162,10.020767,162,172.02076721191406,0.027454156,0.4712897731833262
24,9.626028,CRITICAL,174,9.626028,174,183.6260280609131,0.02637268,0.5030850083860633
25,8.5173855,CRITICAL,486,8.5173855,486,494.5173854827881,0.023335302,1.3548421520076386
26,10.056225,CRITICAL,90,10.056225,90,100.05622482299805,0.0275513,0.2741266433506796
27,9.623052,CRITICAL,144,9.623052,144,153.62305164337158,0.026364526,0.42088507299553857
28,9.656054,CRITICAL,20,9.656054,20,29.65605354309082,0.02645494,0.08124946176189266
29,8.517323,CRITICAL,216,8.517323,216,224.5173225402832,0.02333513,0.6151159521651595
30,8.517145,CRITICAL,229,8.517145,229,237.51714515686035,0.023334645,0.6507319045393434
31,10.045425,CRITICAL,134,10.045425,134,144.04542541503906,0.027521713,0.39464500113709333
32,8.531136,CRITICAL,260,8.531136,260,268.53113555908203,0.023372974,0.735701741257759
33,9.910362,CRITICAL,107,9.910362,107,116.91036224365234,0.027151678,0.32030236231137627
34,10.019919,CRITICAL,361,10.019919,361,371.0199193954468,0.027451834,1.0164929298505392
35,9.583658,CRITICAL,278,9.583658,278,287.5836582183838,0.026256599,0.787900433475024
36,9.659963,CRITICAL,159,9.659963,159,168.65996265411377,0.02646565,0.4620820894633254
37,9.598555,CRITICAL,345,9.598555,345,354.59855461120605,0.02629741,0.97150288934577
38,9.657038,CRITICAL,125,9.657038,125,134.65703773498535,0.026457638,0.3689233910547544
39,8.517562,CRITICAL,214,8.517562,214,222.51756191253662,0.023335787,0.6096371559247579
40,10.037143,CRITICAL,266,10.037143,266,276.0371427536011,0.027499022,0.7562661445304139
41,9.659881,CRITICAL,414,9.659881,414,423.65988063812256,0.026465427,1.160712001748281
42,10.083687,CRITICAL,200,10.083687,200,210.08368682861328,0.027626539,0.5755717447359268
43,10.043671,CRITICAL,120,10.043671,120,130.04367065429688,0.027516905,0.35628402918985447
44,9.657493,CRITICAL,406,9.657493,406,415.6574926376343,0.026458884,1.1387876510620116
45,9.967408,CRITICAL,78,9.967408,78,87.96740818023682,0.027307967,0.24100659775407346
46,9.65878,CRITICAL,37,9.65878,37,46.658780097961426,0.026462412,0.1278322742409902
47,9.650886,CRITICAL,224,9.650886,224,233.65088558197021,0.026440782,0.6401394125533431
48,9.659131,CRITICAL,214,9.659131,214,223.65913105010986,0.026463373,0.6127647426030407
49,9.59673,CRITICAL,273,9.59673,273,282.59673023223877,0.026292412,0.7742376170746268
50,9.660263,CRITICAL,206,9.660263,206,215.66026306152344,0.026466474,0.5908500357849957
51,9.623772,CRITICAL,137,9.623772,137,146.62377166748047,0.026366498,0.40170896347254925
52,8.517571,CRITICAL,58,8.517571,58,66.51757144927979,0.023335813,0.18223992177884873
53,9.66118,CRITICAL,67,9.66118,67,76.6611795425415,0.026468985,0.21003062888367535
54,9.624296,CRITICAL,81,9.624296,81,90.62429618835449,0.026367934,0.24828574298179312
55,8.516728,CRITICAL,103,8.516728,103,111.51672840118408,0.023333503,0.3055252832909153
56,9.589149,CRITICAL,180,9.589149,180,189.58914947509766,0.026271643,0.5194223273290347
57,10.0235405,CRITICAL,121,10.0235405,121,131.02354049682617,0.027461754,0.3589686041008936
58,10.441625,CRITICAL,185,10.441625,185,195.44162464141846,0.028607192,0.5354565058668999
59,9.655973,CRITICAL,37,9.655973,37,46.65597343444824,0.026454723,0.127824584751913
60,9.662205,CRITICAL,135,9.662205,135,144.66220474243164,0.026471794,0.39633480751351136
61,9.650696,CRITICAL,396,9.650696,396,405.65069580078125,0.026440263,1.111371769317209
62,8.516959,CRITICAL,240,8.516959,240,248.51695919036865,0.023334134,0.6808683813434757
63,9.894787,CRITICAL,158,9.894787,158,167.8947868347168,0.027109005,0.45998571735538846
64,8.517936,CRITICAL,251,8.517936,251,259.51793575286865,0.023336811,0.7110080431585443
65,9.650885,CRITICAL,186,9.650885,186,195.6508846282959,0.02644078,0.5360298208994408
66,10.078497,CRITICAL,97,10.078497,97,107.0784969329834,0.027612321,0.29336574502187235
67,9.656501,CRITICAL,150,9.656501,150,159.65650081634521,0.026456166,0.4374150707297129
68,9.899588,CRITICAL,241,9.899588,241,250.8995876312256,0.027122159,0.6873961304965085
69,9.651275,CRITICAL,162,9.651275,162,171.6512746810913,0.026441848,0.47027746487970223
70,9.651299,CRITICAL,190,9.651299,190,199.65129947662354,0.026441917,0.5469898615797905
71,8.517664,CRITICAL,292,8.517664,292,300.5176639556885,0.023336066,0.8233360656320232
72,9.906624,CRITICAL,118,9.906624,118,127.90662384033203,0.027141435,0.3504291064118686
73,9.646412,CRITICAL,149,9.646412,149,158.64641189575195,0.026428526,0.43464770382397794
74,9.6595955,CRITICAL,223,9.6595955,223,232.65959548950195,0.026464645,0.6374235492863067
75,9.624693,CRITICAL,203,9.624693,203,212.62469291687012,0.026369022,0.5825334052516989
76,9.623554,CRITICAL,48,9.623554,48,57.62355422973633,0.026365902,0.1578727513143461
77,9.636904,CRITICAL,108,9.636904,108,117.63690376281738,0.026402475,0.3222928870214175
78,9.665854,CRITICAL,106,9.665854,106,115.66585445404053,0.026481792,0.31689275192887817
79,8.516902,CRITICAL,184,8.516902,184,192.51690196990967,0.023333978,0.5274435670408484
80,9.654861,CRITICAL,112,9.654861,112,121.65486145019531,0.026451675,0.3333009902745077
81,9.90263,CRITICAL,60,9.90263,60,69.90262985229492,0.027130492,0.19151405438984911
82,8.520531,CRITICAL,146,8.520531,146,154.5205307006836,0.023343919,0.42334391972790025
83,9.62886,CRITICAL,274,9.62886,274,283.6288604736328,0.02638044,0.7770653711606379
84,9.6595,CRITICAL,88,9.6595,88,97.65950012207031,0.026464384,0.26756027430704193
85,10.057943,CRITICAL,174,10.057943,174,184.0579433441162,0.02755601,0.5042683379290855
86,9.582101,CRITICAL,254,9.582101,254,263.5821008682251,0.026252331,0.7221427421047263
87,9.626827,CRITICAL,167,9.626827,167,176.62682723999023,0.026374869,0.48390911572600065
88,9.655646,CRITICAL,140,9.655646,140,149.65564632415771,0.026453825,0.410015469381254
89,8.517477,CRITICAL,285,8.517477,285,293.51747703552246,0.023335554,0.8041574713301985
90,9.974907,CRITICAL,118,9.974907,118,127.97490692138672,0.027328512,0.350616183346265
91,9.651523,CRITICAL,144,9.651523,144,153.65152263641357,0.026442528,0.42096307571620156
92,9.585059,CRITICAL,116,9.585059,116,125.58505916595459,0.026260436,0.34406865524919067
93,9.623974,CRITICAL,200,9.623974,200,209.62397384643555,0.026367052,0.5743122571135221
94,8.517099,CRITICAL,105,8.517099,105,113.51709938049316,0.023334518,0.31100575172737854
95,10.038826,CRITICAL,110,10.038826,110,120.03882598876953,0.027503632,0.32887349585964254
96,9.593981,CRITICAL,123,9.593981,123,132.59398078918457,0.02628488,0.3632711802443413
97,10.030165,CRITICAL,51,10.030165,51,61.03016471862793,0.027479904,0.16720593073596693
98,9.654482,CRITICAL,82,9.654482,82,91.65448188781738,0.026450636,0.25110816955566406
99,9.56143,CRITICAL,237,9.56143,237,246.561429977417,0.0261957,0.6755107670614164
100,9.648317,CRITICAL,196,9.648317,196,205.64831733703613,0.026433745,0.5634200474987291
101,9.932474,CRITICAL,166,9.932474,166,175.93247413635254,0.027212258,0.4820067784557604
102,9.646917,CRITICAL,443,9.646917,443,452.64691734313965,0.02642991,1.240128540666136
103,9.641413,CRITICAL,145,9.641413,145,154.64141273498535,0.02641483,0.4236751033835215
104,9.656614,CRITICAL,65,9.656614,65,74.65661430358887,0.026456477,0.204538669324901
105,9.608671,CRITICAL,351,9.608671,351,360.6086711883545,0.026325127,0.9879689621598753
106,9.641619,CRITICAL,148,9.641619,148,157.6416187286377,0.026415395,0.4318948458318841
107,8.519457,CRITICAL,121,8.519457,121,129.51945686340332,0.023340978,0.3548478270230228
108,9.653603,CRITICAL,145,9.653603,145,154.65360260009766,0.026448226,0.4237085002742402
109,9.635668,CRITICAL,66,9.635668,66,75.63566780090332,0.026399089,0.2072210076737077
110,9.897178,CRITICAL,348,9.897178,348,357.897177696228,0.027115555,0.9805402128663782
111,9.654255,CRITICAL,342,9.654255,342,351.6542549133301,0.026450014,0.9634363148310413
112,10.018869,CRITICAL,88,10.018869,88,98.01886940002441,0.027448958,0.26854484767129977
113,10.412733,CRITICAL,132,10.412733,132,142.41273307800293,0.028528037,0.3901718714465834
114,10.042823,CRITICAL,218,10.042823,218,228.0428228378296,0.027514582,0.6247748570899441
115,10.03348,CRITICAL,82,10.03348,82,92.03347969055176,0.027488986,0.2521465197001418
116,9.655346,CRITICAL,161,9.655346,161,170.65534591674805,0.026453003,0.4675488929225974
117,10.013702,CRITICAL,97,10.013702,97,107.01370239257812,0.027434802,0.2931882257330908
118,9.647846,CRITICAL,178,9.647846,178,187.64784622192383,0.026432455,0.5141036882792434
119,10.055376,CRITICAL,228,10.055376,228,238.05537605285645,0.027548976,0.6522065097338533
120,9.629959,CRITICAL,170,9.629959,170,179.6299591064453,0.02638345,0.49213687426423375
121,8.517647,CRITICAL,194,8.517647,194,202.51764678955078,0.02333602,0.5548428679165774
122,8.51713,CRITICAL,117,8.51713,117,125.51712989807129,0.023334602,0.3438825476659487
123,9.605813,CRITICAL,236,9.605813,236,245.60581302642822,0.026317297,0.6728926384285705
124,9.966523,CRITICAL,230,9.966523,230,239.9665231704712,0.027305543,0.6574425292341677
125,9.659426,CRITICAL,21,9.659426,21,30.659425735473633,0.026464181,0.0839984266725305
126,9.46919,CRITICAL,220,9.46919,220,229.46918964385986,0.025942985,0.6286827113530408
127,9.627119,CRITICAL,98,9.627119,98,107.62711906433105,0.026375668,0.2948688193543317
128,8.518225,CRITICAL,139,8.518225,139,147.51822471618652,0.023337603,0.404159519770374
129,9.628271,CRITICAL,315,9.628271,315,324.6282711029053,0.026378825,0.8893925235696035
130,9.662329,CRITICAL,107,9.662329,107,116.66232872009277,0.026472133,0.3196228184112131
131,9.634239,CRITICAL,193,9.634239,193,202.63423919677734,0.026395176,0.555162299169253
132,9.653354,CRITICAL,115,9.653354,115,124.65335369110107,0.026447544,0.341516037509866
133,9.633278,CRITICAL,74,9.633278,74,83.6332778930664,0.026392542,0.22913226820018193
134,9.609396,CRITICAL,266,9.609396,266,275.60939598083496,0.026327113,0.7550942355639314
135,8.517977,CRITICAL,435,8.517977,435,443.51797676086426,0.023336923,1.215117744550313
136,9.630787,CRITICAL,56,9.630787,56,65.63078689575195,0.026385717,0.17981037505685465
137,9.62882,CRITICAL,291,9.62882,291,300.6288204193115,0.02638033,0.8236406038885247
138,9.6528225,CRITICAL,239,9.6528225,239,248.65282249450684,0.02644609,0.6812406095739914
139,9.902803,CRITICAL,88,9.902803,88,97.90280342102051,0.027130969,0.26822685868772744
140,8.517435,CRITICAL,160,8.517435,160,168.51743507385254,0.023335438,0.46169160294206174
141,10.0458765,CRITICAL,19,10.0458765,19,29.045876502990723,0.02752295,0.0795777438438102
142,9.655447,CRITICAL,69,9.655447,69,78.65544700622559,0.026453279,0.21549437535952215
143,9.607134,CRITICAL,327,9.607134,327,336.60713386535645,0.026320914,0.9222113256585108
144,10.0581455,CRITICAL,34,10.0581455,34,44.05814552307129,0.027556563,0.1207072480084145
145,8.518576,CRITICAL,102,8.518576,102,110.51857566833496,0.023338564,0.30279061826941084
146,9.639133,CRITICAL,84,9.639133,84,93.63913345336914,0.026408585,0.25654557110512094
147,9.648481,CRITICAL,116,9.648481,116,125.64848136901855,0.026434196,0.3442424147096399
148,9.660879,CRITICAL,126,9.660879,126,135.66087913513184,0.026468161,0.37167364146611465
149,9.652576,CRITICAL,320,9.652576,320,329.6525764465332,0.026445415,0.903157743689132
150,9.9751625,CRITICAL,202,9.9751625,202,211.97516250610352,0.027329212,0.5807538698797357
151,9.650429,CRITICAL,285,9.650429,285,294.65042877197266,0.02643953,0.807261448690336
152,9.898177,CRITICAL,195,9.898177,195,204.89817714691162,0.027118294,0.5613648688956483
153,9.653467,CRITICAL,130,9.653467,130,139.65346717834473,0.026447855,0.3826122388447801
154,9.626758,CRITICAL,122,9.626758,122,131.62675762176514,0.026374679,0.36062125375826065
155,9.965763,CRITICAL,161,9.965763,161,170.96576309204102,0.027303461,0.46839935093709867
156,9.618015,CRITICAL,28,9.618015,28,37.61801528930664,0.026350727,0.10306305558714147
157,10.060871,CRITICAL,138,10.060871,138,148.06087112426758,0.02756403,0.40564622225826735
158,9.656113,CRITICAL,171,9.656113,171,180.65611267089844,0.026455102,0.49494825389287245
159,9.648706,CRITICAL,160,9.648706,160,169.64870643615723,0.026434813,0.4647909765374171
160,9.636161,CRITICAL,122,9.636161,122,131.6361608505249,0.026400441,0.36064701602883537
161,9.655398,CRITICAL,257,9.655398,257,266.65539836883545,0.026453147,0.7305627352570834
162,9.662038,CRITICAL,99,9.662038,99,108.66203784942627,0.026471337,0.29770421328609936
163,9.653033,CRITICAL,122,9.653033,122,131.65303325653076,0.026446667,0.3606932417987144
164,9.654139,CRITICAL,29,9.654139,29,38.65413856506348,0.026449695,0.10590174949332459
165,8.516989,CRITICAL,178,8.516989,178,186.51698875427246,0.023334216,0.5110054486418424
166,9.654678,CRITICAL,63,9.654678,63,72.65467834472656,0.026451174,0.19905391327322347
167,9.659861,CRITICAL,99,9.659861,99,108.65986061096191,0.026465371,0.2976982482492107
168,9.670136,CRITICAL,74,9.670136,74,83.67013645172119,0.026493525,0.2292332505526608
169,10.034395,CRITICAL,34,10.034395,34,44.03439521789551,0.027491493,0.12064217867916577
170,9.903982,CRITICAL,48,9.903982,48,57.903982162475586,0.027134197,0.15864104702048107
171,10.050613,CRITICAL,355,10.050613,355,365.0506134033203,0.027535927,1.0001386668584118
172,8.537727,CRITICAL,132,8.537727,132,140.53772735595703,0.023391034,0.38503486946837545
173,9.66832,CRITICAL,151,9.66832,151,160.66831970214844,0.026488546,0.4401871772661601
174,9.656651,CRITICAL,135,9.656651,135,144.6566505432129,0.026456578,0.3963195905293504
175,8.519129,CRITICAL,116,8.519129,116,124.51912879943848,0.023340078,0.34114829808065333
176,9.588297,CRITICAL,185,9.588297,185,194.5882968902588,0.026269307,0.5331186216171474
177,9.654975,CRITICAL,146,9.654975,146,155.65497493743896,0.026451986,0.42645198612996976
178,10.026283,CRITICAL,279,10.026283,279,289.02628326416016,0.02746927,0.7918528308607128
179,9.948844,CRITICAL,262,9.948844,262,271.94884395599365,0.027257107,0.7450653259068319
180,9.648552,CRITICAL,367,9.648552,367,376.64855194091797,0.026434388,1.0319138409340218
181,9.889869,CRITICAL,199,9.889869,199,208.8898687362671,0.02709553,0.5723010102363482
182,9.631805,CRITICAL,98,9.631805,98,107.63180541992188,0.026388507,0.29488165868471744
183,9.64921,CRITICAL,125,9.64921,125,134.6492099761963,0.026436191,0.3689019451402638
184,9.664968,CRITICAL,154,9.664968,154,163.66496753692627,0.026479363,0.44839717133404455
185,9.942326,CRITICAL,203,9.942326,203,212.94232559204102,0.027239248,0.5834036317590164
186,9.616793,CRITICAL,47,9.616793,47,56.61679267883301,0.026347376,0.15511450048995346
187,9.633156,CRITICAL,121,9.633156,121,130.6331558227539,0.026392208,0.35789905704864083
188,9.632154,CRITICAL,157,9.632154,157,166.63215446472168,0.026389465,0.45652645058827857
189,9.621745,CRITICAL,107,9.621745,107,116.6217451095581,0.026360946,0.3195116304371455
190,8.517516,CRITICAL,200,8.517516,200,208.51751613616943,0.02333566,0.5712808661264916
191,9.911268,CRITICAL,71,9.911268,71,80.91126823425293,0.027154159,0.2216747074911039
192,9.897554,CRITICAL,203,9.897554,203,212.897554397583,0.027116587,0.5832809709522823
193,9.914816,CRITICAL,263,9.914816,263,272.91481590270996,0.02716388,0.7477118243909862
194,9.658817,CRITICAL,214,9.658817,214,223.65881729125977,0.026462514,0.6127638829897528
195,10.000288,CRITICAL,186,10.000288,186,196.00028800964355,0.02739805,0.5369870904373796
196,9.605691,CRITICAL,70,9.605691,70,79.60569095611572,0.026316961,0.21809778344141295
197,9.530985,CRITICAL,196,9.530985,196,205.53098487854004,0.026112288,0.5630985887083289
198,9.664638,CRITICAL,115,9.664638,115,124.6646375656128,0.026478458,0.3415469522345556
199,10.154682,CRITICAL,177,10.154682,177,187.15468215942383,0.027821047,0.5127525538614351
200,8.518832,CRITICAL,115,8.518832,115,123.51883220672607,0.023339266,0.3384077594704824
201,9.630276,CRITICAL,139,9.630276,139,148.63027572631836,0.026384316,0.40720623486662566
202,8.518499,CRITICAL,222,8.518499,222,230.51849937438965,0.023338355,0.6315575325325744
203,8.517485,CRITICAL,87,8.517485,87,95.51748466491699,0.023335574,0.26169173880799174
204,9.63945,CRITICAL,19,9.63945,19,28.639450073242188,0.026409453,0.078464246776006
205,9.640591,CRITICAL,95,9.640591,95,104.64059066772461,0.026412576,0.28668654977458796
206,9.893291,CRITICAL,291,9.893291,291,300.8932914733887,0.027104909,0.8243651821188731
207,9.663686,CRITICAL,179,9.663686,179,188.66368579864502,0.026475852,0.5168868104072466
208,9.658593,CRITICAL,180,9.658593,180,189.6585931777954,0.0264619,0.5196125840487545
209,10.032249,CRITICAL,171,10.032249,171,181.0322494506836,0.027485615,0.4959787656183112
210,9.655133,CRITICAL,135,9.655133,135,144.6551332473755,0.02645242,0.39631543355445337
211,10.038658,CRITICAL,206,10.038658,206,216.03865814208984,0.027503174,0.5918867346358626
212,8.517273,CRITICAL,261,8.517273,261,269.51727294921875,0.023334995,0.7384034875321062
213,9.920147,CRITICAL,288,9.920147,288,297.9201469421387,0.027178485,0.8162195806633936
214,9.6548815,CRITICAL,102,9.6548815,102,111.65488147735596,0.02645173,0.3059037848694684
215,9.616341,CRITICAL,72,9.616341,72,81.61634063720703,0.02634614,0.2236064127046768
216,10.062387,CRITICAL,264,10.062387,264,274.06238746643066,0.027568186,0.7508558560724128
217,9.644478,CRITICAL,141,9.644478,141,150.64447784423828,0.026423227,0.4127245968335295
218,9.655793,CRITICAL,63,9.655793,63,72.65579319000244,0.026454227,0.19905696764384231
219,9.6562195,CRITICAL,110,9.6562195,110,119.65621948242188,0.026455395,0.3278252588559503
220,10.027636,CRITICAL,65,10.027636,65,75.02763557434082,0.027472975,0.20555516595709813
221,8.517429,CRITICAL,176,8.517429,176,184.51742935180664,0.023335423,0.5055272037035798
222,9.609797,CRITICAL,178,9.609797,178,187.60979652404785,0.02632821,0.513999442531638
223,9.593328,CRITICAL,305,9.593328,305,314.59332847595215,0.026283091,0.8618995300711018
224,10.065989,CRITICAL,152,10.065989,152,162.0659885406494,0.02757805,0.44401640696068334
225,8.517616,CRITICAL,39,8.517616,39,47.517616271972656,0.023335936,0.13018525006019907
226,9.629642,CRITICAL,59,9.629642,59,68.62964153289795,0.02638258,0.1880264151586245
227,9.653973,CRITICAL,62,9.653973,62,71.65397262573242,0.02644924,0.19631225376912992
228,9.640275,CRITICAL,126,9.640275,126,135.64027500152588,0.026411712,0.3716171917850024
229,9.65402,CRITICAL,20,9.65402,20,29.654020309448242,0.026449371,0.0812438912587623
230,9.619842,CRITICAL,157,9.619842,157,166.61984157562256,0.02635573,0.45649271664554125
231,8.516821,CRITICAL,230,8.516821,230,238.51682090759277,0.023333756,0.653470742212583
232,8.517713,CRITICAL,370,8.517713,370,378.5177125930786,0.023336198,1.0370348290221332
233,9.631625,CRITICAL,111,9.631625,111,120.63162517547607,0.026388014,0.3304976032204824
234,9.656142,CRITICAL,179,9.656142,179,188.65614223480225,0.026455184,0.5168661431090472
235,8.517114,CRITICAL,362,8.517114,362,370.5171136856079,0.023334557,1.0151153799605697
236,10.052933,CRITICAL,176,10.052933,176,186.0529327392578,0.027542282,0.5097340622993365
237,9.658805,CRITICAL,221,9.658805,221,230.65880489349365,0.026462479,0.6319419312150512
238,8.521928,CRITICAL,177,8.521928,177,185.52192783355713,0.023347747,0.5082792543385127
239,9.621735,CRITICAL,28,9.621735,28,37.621734619140625,0.026360916,0.10307324553189212
240,9.924078,CRITICAL,204,9.924078,204,213.9240779876709,0.027189255,0.5860933643497833
241,8.517807,CRITICAL,42,8.517807,42,50.51780700683594,0.023336457,0.1384049507036601
242,9.904518,CRITICAL,112,9.904518,112,121.9045181274414,0.027135666,0.33398498117107234
243,9.908495,CRITICAL,199,9.908495,199,208.90849494934082,0.027146561,0.5723520409570981
244,9.645666,CRITICAL,184,9.645666,184,193.64566612243652,0.026426483,0.5305360715683193
245,9.662209,CRITICAL,63,9.662209,63,72.6622085571289,0.026471805,0.19907454399213398
246,9.663029,CRITICAL,29,9.663029,29,38.663028717041016,0.026474051,0.10592610607408498
247,8.518356,CRITICAL,94,8.518356,94,102.51835632324219,0.023337962,0.2808722091047731
248,9.648098,CRITICAL,281,9.648098,281,290.64809799194336,0.026433146,0.7962961588820366
